Name,Details,Condition,Category,Type,"Added At"
"Yeezy Gap Shirt | Noir","Yeezy Gap Shirt engineered by Balenciaga.","Brand New",M,T,"2022-04-26 09:55:24"
"Bathing Ape Shirt","Bathing Ape Shirt",Pre-Loved,M,T,"2022-04-28 20:56:34"
"Night Gown","Night Gown",Pre-Loved,W,T,"2022-05-09 00:18:47"
"Dr. Martens [New Order] Edition","Size 12 US",Pre-Loved,M,Sh,"2022-05-09 03:01:02"
"women pants test",test,Pre-Loved,W,P,"2022-05-09 03:10:53"
"Bape Shoes","Bape Shoes Details Sample",Pre-Loved,M,Sh,"2022-05-12 04:40:40"
"Yeezy Boost","Yeezy Boost by YZY",Pre-Loved,M,Sh,"2022-09-01 04:12:44"
"Dropdead Pretty Parasite","Size: XS - 2XL

Androgynous at its core, this collection features bold slogans, dystopian digital artworks and is presented with an overarching self-awareness that can be confidently worn by anyone. 

‘Comatose’ raglan style long-sleeve has been consciously crafted using recycled Cotton, with a soft touch finish and vintage effect. This unique piece will provide comfort to your wardrobe and elevate your individual style. Referencing early 2000’s Harajuku culture, artist @kittysophie.art created this pastel gore demon design.","Brand New",M,T,"2022-09-26 08:49:18"
"Givenchy Coat","Color: Black
Size: XL
Givenchy Coat Black XL for Men","Brand New",M,T,"2022-10-01 09:30:41"
"Givenchy Trousers","Givenchy Black Trousers","Brand New",M,P,"2022-10-01 09:31:48"
